0.7388786673545837,0.476898729801178,3.8679013414366636e-07,0.6851608753204346,0.4915524423122406,-0.018909480422735214,0.6410126090049744,0.5315600037574768,-0.03719959035515785,0.6086738705635071,0.5726137161254883,-0.04994245618581772,0.5825099349021912,0.6040323972702026,-0.06383148580789566,0.6794524192810059,0.5675382018089294,-0.06953390687704086,0.6634746193885803,0.6528313159942627,-0.09157981723546982,0.6498022079467773,0.6993038058280945,-0.09785154461860657,0.6378004550933838,0.729482889175415,-0.1000296026468277,0.7159157991409302,0.587506890296936,-0.06813274323940277,0.693937361240387,0.676785945892334,-0.08817041665315628,0.6703615188598633,0.7204135060310364,-0.09133770316839218,0.6494299173355103,0.7418314814567566,-0.09312661737203598,0.7476984262466431,0.5990001559257507,-0.06523492932319641,0.7346338033676147,0.6839162707328796,-0.08175283670425415,0.714219331741333,0.7259056568145752,-0.08753424137830734,0.6939016580581665,0.7455919981002808,-0.09153254330158234,0.7716676592826843,0.6014315485954285,-0.06235235184431076,0.7796790599822998,0.6712478995323181,-0.07876943051815033,0.7709885239601135,0.7074503302574158,-0.08743690699338913,0.7554678916931152,0.72938072681427,-0.09256021678447723,a
0.7362009286880493,0.47898373007774353,3.2228780355580966e-07,0.6812721490859985,0.4970952868461609,-0.017924735322594643,0.638354480266571,0.5421339273452759,-0.03400855511426926,0.6116387248039246,0.5914071202278137,-0.04492638260126114,0.5893120169639587,0.6301016807556152,-0.05693856254220009,0.6809614300727844,0.5723744034767151,-0.062469128519296646,0.6706460118293762,0.6576778888702393,-0.08146805316209793,0.6606618762016296,0.7076103091239929,-0.08714987337589264,0.651120662689209,0.7422412633895874,-0.08978256583213806,0.7177711725234985,0.5907577276229858,-0.060906484723091125,0.7004214525222778,0.6807773113250732,-0.076910100877285,0.6813721060752869,0.7255996465682983,-0.07993754744529724,0.6629934310913086,0.7491602897644043,-0.08255943655967712,0.7489571571350098,0.6012865900993347,-0.057696208357810974,0.7395692467689514,0.686610221862793,-0.07093693315982819,0.7226731181144714,0.72884202003479,-0.07630269974470139,0.7034907937049866,0.7494729161262512,-0.0810750275850296,0.7720224857330322,0.6037524342536926,-0.05466562509536743,0.7910289168357849,0.6693377494812012,-0.06933861970901489,0.7835263013839722,0.7017681002616882,-0.07724235951900482,0.7658796906471252,0.7190230488777161,-0.08231192082166672,a
0.7234750390052795,0.4691731035709381,2.8561564135998196e-07,0.669558584690094,0.48959091305732727,-0.013117574155330658,0.6289713382720947,0.5376386046409607,-0.027098676189780235,0.6028053164482117,0.5877927541732788,-0.03686431050300598,0.5774866342544556,0.6212985515594482,-0.04852698743343353,0.6588231921195984,0.5621402859687805,-0.05791260674595833,0.6475828289985657,0.6431095004081726,-0.07575331628322601,0.6409842371940613,0.6897184252738953,-0.08104635775089264,0.6352143883705139,0.7222150564193726,-0.08344892412424088,0.6965746283531189,0.5768895745277405,-0.05920097604393959,0.6823799014091492,0.6662410497665405,-0.07465682178735733,0.6689508557319641,0.7141711115837097,-0.0781639814376831,0.6553225517272949,0.7435727715492249,-0.0814116969704628,0.7312861680984497,0.5836397409439087,-0.05862976610660553,0.7215580940246582,0.6664645671844482,-0.071429044008255,0.7082332968711853,0.7088915705680847,-0.0763428658246994,0.693369448184967,0.7328362464904785,-0.08085530996322632,0.7608861327171326,0.582584023475647,-0.05768539011478424,0.7713034152984619,0.6504055261611938,-0.07069902867078781,0.765326976776123,0.6839713454246521,-0.07684718072414398,0.7522221803665161,0.7050902247428894,-0.08097591996192932,a
0.7392740249633789,0.4760776162147522,3.782650424000167e-07,0.6861480474472046,0.48987793922424316,-0.0236368328332901,0.6460845470428467,0.5338566899299622,-0.042195048183202744,0.6192730069160461,0.5849703550338745,-0.053806010633707047,0.5978149175643921,0.6262386441230774,-0.06573749333620071,0.687964677810669,0.5655677914619446,-0.07195913791656494,0.6798875331878662,0.6517505645751953,-0.09291324764490128,0.6664513349533081,0.7004883289337158,-0.09841354191303253,0.6539245843887329,0.7327534556388855,-0.10025320947170258,0.7238202095031738,0.5849413275718689,-0.0669373869895935,0.7054231762886047,0.675509512424469,-0.08451477438211441,0.6803017258644104,0.7194586992263794,-0.08573746681213379,0.6576355695724487,0.7404818534851074,-0.08657466620206833,0.7529929876327515,0.5961595177650452,-0.060703057795763016,0.742588996887207,0.6805554032325745,-0.07566704601049423,0.719304621219635,0.7175924777984619,-0.08109794557094574,0.6960809230804443,0.7320384979248047,-0.0852297842502594,0.7733874320983887,0.5991109013557434,-0.05504099279642105,0.7913141250610352,0.6642066836357117,-0.07176575809717178,0.7815428972244263,0.6941530704498291,-0.08169647306203842,0.7623748779296875,0.7082103490829468,-0.0878533199429512,a
0.7233579158782959,0.47360557317733765,2.924533930581674e-07,0.6703910827636719,0.492695152759552,-0.012928266078233719,0.6295139789581299,0.5384474992752075,-0.027110308408737183,0.6026628017425537,0.5872315168380737,-0.036725081503391266,0.5795856714248657,0.6222776174545288,-0.04831577092409134,0.657587468624115,0.5567812323570251,-0.061915475875139236,0.6447868347167969,0.6392265558242798,-0.07952016592025757,0.6392706632614136,0.6890955567359924,-0.08407191932201385,0.6354168057441711,0.7251627445220947,-0.0858275517821312,0.6948521733283997,0.5720213651657104,-0.06340418010950089,0.6771076917648315,0.6629176735877991,-0.07841873168945312,0.6638389229774475,0.7129467129707336,-0.08102649450302124,0.6522524356842041,0.7412740588188171,-0.08375588804483414,0.729771077632904,0.5805332660675049,-0.06253348290920258,0.7175594568252563,0.6641926169395447,-0.07418546825647354,0.703842282295227,0.7029217481613159,-0.07772598415613174,0.6897063255310059,0.7207895517349243,-0.08156333863735199,0.7607020139694214,0.5814441442489624,-0.06129784137010574,0.7721903920173645,0.6504481434822083,-0.07361859828233719,0.763099193572998,0.678536057472229,-0.07870668917894363,0.7463185787200928,0.6900011897087097,-0.082041896879673,a
0.7345724105834961,0.47685539722442627,2.851749059118447e-07,0.682869017124176,0.49557408690452576,-0.014095839112997055,0.6413097381591797,0.5433801412582397,-0.02733355388045311,0.6166196465492249,0.592741847038269,-0.036499984562397,0.5922601819038391,0.6263656616210938,-0.047773830592632294,0.6701857447624207,0.5605235695838928,-0.056933868676424026,0.655768632888794,0.6342366933822632,-0.0751584842801094,0.6500218510627747,0.6808313131332397,-0.08186262100934982,0.6461374759674072,0.7169238924980164,-0.0857556015253067,0.7065991163253784,0.5750703811645508,-0.05884500965476036,0.6885786056518555,0.6593050360679626,-0.07458276301622391,0.6756933927536011,0.7123106718063354,-0.08027269691228867,0.6647169589996338,0.7502797842025757,-0.08555260300636292,0.7407869696617126,0.581591010093689,-0.05893455818295479,0.7312203645706177,0.655829131603241,-0.07246536016464233,0.7199653387069702,0.697710394859314,-0.07889817655086517,0.7075532674789429,0.7256702780723572,-0.08481546491384506,0.7709283828735352,0.5803033113479614,-0.05881219357252121,0.7826683521270752,0.6364632248878479,-0.0729396715760231,0.7763887643814087,0.6635035276412964,-0.07928677648305893,0.7630621194839478,0.6798524856567383,-0.08378340303897858,a
0.7313857674598694,0.46483272314071655,2.8531744078463817e-07,0.6796256899833679,0.47852593660354614,-0.01431230828166008,0.6378434300422668,0.5166109800338745,-0.029370201751589775,0.6082881093025208,0.5562529563903809,-0.04053039848804474,0.5815982818603516,0.582798957824707,-0.05379223823547363,0.6693456172943115,0.5457242131233215,-0.058244556188583374,0.6589893102645874,0.623155951499939,-0.07703972607851028,0.6503693461418152,0.6685901284217834,-0.08430693298578262,0.6419646143913269,0.7030129432678223,-0.08845584094524384,0.705021321773529,0.5631710886955261,-0.060161471366882324,0.6893739104270935,0.6494081020355225,-0.07566569000482559,0.6733025908470154,0.6992572546005249,-0.08059484511613846,0.658075749874115,0.7325338125228882,-0.0853240117430687,0.7377879619598389,0.5721423029899597,-0.06024269759654999,0.7269229888916016,0.6504669189453125,-0.07314302027225494,0.7120438814163208,0.6902840733528137,-0.07882270961999893,0.6956524848937988,0.7134724259376526,-0.08431996405124664,0.7657096982002258,0.5721472501754761,-0.06033700332045555,0.7780762910842896,0.631944477558136,-0.0744798332452774,0.7686851620674133,0.6569308638572693,-0.08063269406557083,0.7515075206756592,0.6677582859992981,-0.08479440212249756,a
0.7286185026168823,0.469495564699173,2.868727051463793e-07,0.6778903603553772,0.487219899892807,-0.012987763620913029,0.6375011205673218,0.5290362238883972,-0.028250787407159805,0.6085702776908875,0.5712656378746033,-0.03953808173537254,0.5806697607040405,0.5975601673126221,-0.05329787731170654,0.6640902161598206,0.5489591360092163,-0.062115225940942764,0.649624228477478,0.6261152625083923,-0.08119194209575653,0.6429738402366638,0.6749585866928101,-0.08761412650346756,0.6376894116401672,0.7117278575897217,-0.09129715710878372,0.6999549269676208,0.5642600655555725,-0.06512770056724548,0.6817638874053955,0.6509177684783936,-0.08232620358467102,0.6681509613990784,0.7029702663421631,-0.08791876584291458,0.656538188457489,0.73577481508255,-0.09314987808465958,0.7341715097427368,0.5717455744743347,-0.06577692180871964,0.7230113744735718,0.6517776846885681,-0.08035940676927567,0.709938645362854,0.6941277980804443,-0.0872158631682396,0.6960312128067017,0.7181310057640076,-0.09366174787282944,0.7644075155258179,0.5712583661079407,-0.0659232810139656,0.776897668838501,0.6336116194725037,-0.08176723122596741,0.7688754796981812,0.6593384742736816,-0.08925249427556992,0.75310879945755,0.6706727147102356,-0.09445640444755554,a
0.745101809501648,0.4863855242729187,4.108142661607417e-07,0.6936978697776794,0.4987858831882477,-0.02486165426671505,0.6571866869926453,0.5419884920120239,-0.04508889093995094,0.6292440891265869,0.5912351012229919,-0.05867251381278038,0.6046297550201416,0.6248579621315002,-0.07237882912158966,0.6988165378570557,0.5855087041854858,-0.07180722802877426,0.6880280375480652,0.6747478246688843,-0.09343446046113968,0.675097644329071,0.7258067727088928,-0.10063104331493378,0.6642654538154602,0.7585650682449341,-0.10338979214429855,0.734825074672699,0.6045641303062439,-0.06584907323122025,0.7155008316040039,0.6948506236076355,-0.08196849375963211,0.6898465156555176,0.7344499826431274,-0.08119068294763565,0.6677448153495789,0.7500336170196533,-0.08022873103618622,0.7640522718429565,0.6139138340950012,-0.058889470994472504,0.7520368695259094,0.6982394456863403,-0.07193170487880707,0.7286026477813721,0.7321102619171143,-0.0736738070845604,0.7063936591148376,0.7406563758850098,-0.07499020546674728,0.7834292650222778,0.6163025498390198,-0.05290145426988602,0.8002029657363892,0.6831719279289246,-0.06707101315259933,0.7895290851593018,0.7113189697265625,-0.07305729389190674,0.7711119055747986,0.7198753356933594,-0.07600031793117523,a
0.7397661805152893,0.4791414141654968,3.8548532188542595e-07,0.6879894733428955,0.49382853507995605,-0.021258745342493057,0.6497506499290466,0.5385334491729736,-0.039019204676151276,0.6228169798851013,0.5885852575302124,-0.05066043883562088,0.5973103642463684,0.6208449006080627,-0.06327017396688461,0.6871110796928406,0.5720486044883728,-0.06794324517250061,0.6777442693710327,0.6545909643173218,-0.08717624098062515,0.6674912571907043,0.7024003863334656,-0.09288029372692108,0.6583325266838074,0.7364271879196167,-0.09562595933675766,0.7230754494667053,0.590831458568573,-0.06439866870641708,0.7025472521781921,0.678057074546814,-0.08064539730548859,0.680680513381958,0.7242640256881714,-0.08289515227079391,0.661183774471283,0.7505136728286743,-0.0847998782992363,0.7538816928863525,0.6002472043037415,-0.05925179272890091,0.7428438663482666,0.6827497482299805,-0.07269487529993057,0.7227544784545898,0.7169862985610962,-0.07773743569850922,0.7019649147987366,0.7292781472206116,-0.08198428899049759,0.7769874334335327,0.6000599265098572,-0.054547734558582306,0.7957070469856262,0.6613415479660034,-0.06968577951192856,0.7853384017944336,0.6843196749687195,-0.07784411311149597,0.7653571963310242,0.6906747221946716,-0.08282380551099777,a
0.7633149027824402,0.47955751419067383,4.78928882330365e-07,0.7158551812171936,0.4925293028354645,-0.03392450883984566,0.6832310557365417,0.5335701704025269,-0.058813560754060745,0.6628235578536987,0.5823149681091309,-0.0754183754324913,0.648098349571228,0.6263672709465027,-0.09066823869943619,0.7390789985656738,0.553806722164154,-0.08830764889717102,0.735568106174469,0.6414703130722046,-0.11795094609260559,0.7175301909446716,0.6920309066772461,-0.12628485262393951,0.7007800936698914,0.7201117277145386,-0.12716321647167206,0.7736445665359497,0.5730598568916321,-0.0783558115363121,0.7656269669532776,0.6681491136550903,-0.10644695162773132,0.737211287021637,0.7202667593955994,-0.10861898213624954,0.711828351020813,0.7371837496757507,-0.10648030042648315,0.7956007122993469,0.5872408151626587,-0.0678149089217186,0.7973611354827881,0.6729902625083923,-0.09051909297704697,0.773878812789917,0.7175344824790955,-0.09561683237552643,0.7492575645446777,0.732847273349762,-0.09567565470933914,0.8066045045852661,0.5957384705543518,-0.05863312631845474,0.822255551815033,0.659751296043396,-0.07802445441484451,0.8115983009338379,0.695263147354126,-0.08656955510377884,0.7937320470809937,0.7102866172790527,-0.08944842964410782,b
0.7623542547225952,0.47517871856689453,4.6884576931915944e-07,0.7153192162513733,0.4901830554008484,-0.032265424728393555,0.6827399730682373,0.5319175124168396,-0.05637967959046364,0.6622990369796753,0.5814420580863953,-0.07240896672010422,0.6496499180793762,0.6259812712669373,-0.08683395385742188,0.74021977186203,0.5485796332359314,-0.08681077510118484,0.7363203167915344,0.636971652507782,-0.11503560841083527,0.7170227766036987,0.6878255009651184,-0.12176564335823059,0.6993868350982666,0.7151932716369629,-0.12173297256231308,0.7738613486289978,0.5683276057243347,-0.07774089276790619,0.7647683620452881,0.6648539304733276,-0.10507707297801971,0.7359461188316345,0.7171432375907898,-0.10707265883684158,0.7101962566375732,0.7345764636993408,-0.10508604347705841,0.7951041460037231,0.5833055973052979,-0.06784690916538239,0.7968453764915466,0.6695412397384644,-0.08915633708238602,0.7719270586967468,0.7144125699996948,-0.09423704445362091,0.7459672093391418,0.7309406399726868,-0.09494712203741074,0.8058868646621704,0.5925990343093872,-0.0592658706009388,0.8228788375854492,0.6551761627197266,-0.07807141542434692,0.812654972076416,0.6911256909370422,-0.08702728897333145,0.7947443127632141,0.7075337171554565,-0.09056532382965088,b
0.7551134824752808,0.4799395799636841,3.8112167999315716e-07,0.705622673034668,0.4954145550727844,-0.025426378473639488,0.6677152514457703,0.5377340316772461,-0.046612199395895004,0.6420547962188721,0.585023045539856,-0.06075800582766533,0.6227229237556458,0.6238651275634766,-0.07487276941537857,0.7162867784500122,0.5517024397850037,-0.083934485912323,0.7072598338127136,0.6357840895652771,-0.1110616996884346,0.689864993095398,0.6840041875839233,-0.11916081607341766,0.6750898957252502,0.7163248062133789,-0.12140054255723953,0.7525880336761475,0.5708145499229431,-0.07855413109064102,0.738437294960022,0.6650275588035583,-0.10479605197906494,0.7117220759391785,0.714627742767334,-0.10729148238897324,0.6899771690368652,0.7375316619873047,-0.10731180757284164,0.7785201668739319,0.5859776735305786,-0.07169107347726822,0.7735509872436523,0.6731700301170349,-0.09220793843269348,0.7495309114456177,0.7171851992607117,-0.09735718369483948,0.7267861366271973,0.73711097240448,-0.09918525815010071,0.7946274280548096,0.5952239036560059,-0.0655193105340004,0.801834225654602,0.6663066744804382,-0.0820649042725563,0.7868140935897827,0.7022807598114014,-0.08989345282316208,0.7668012380599976,0.7202624678611755,-0.09411758184432983,b
0.7570347189903259,0.48375973105430603,3.7726485402345133e-07,0.7073403000831604,0.49436843395233154,-0.02704804576933384,0.6653992533683777,0.5352501273155212,-0.04948544502258301,0.6383417844772339,0.5827787518501282,-0.06426549702882767,0.6207454204559326,0.6217740178108215,-0.07927665114402771,0.7137736678123474,0.5460678935050964,-0.0908743292093277,0.7073075771331787,0.6260371208190918,-0.12077359855175018,0.69110107421875,0.6756088733673096,-0.13069401681423187,0.6771894097328186,0.7100855112075806,-0.13410182297229767,0.7503495216369629,0.5676795244216919,-0.08504126220941544,0.7360295653343201,0.6618795990943909,-0.11245601624250412,0.7085443735122681,0.7123637199401855,-0.11547652631998062,0.6853583455085754,0.7354170083999634,-0.11631545424461365,0.776702344417572,0.5859280228614807,-0.07748375833034515,0.7709101438522339,0.6736850738525391,-0.0988290011882782,0.7471225261688232,0.7170348167419434,-0.10456065088510513,0.7238585948944092,0.735872745513916,-0.10717227309942245,0.7933371067047119,0.5977196097373962,-0.07060441374778748,0.7992810606956482,0.6667705178260803,-0.08769047260284424,0.785041868686676,0.7022904753684998,-0.0959823802113533,0.7658490538597107,0.7216778993606567,-0.10092216730117798,b
0.7555314302444458,0.4831565320491791,3.61393460934778e-07,0.7060092091560364,0.4955067038536072,-0.02672032080590725,0.6666438579559326,0.5370622873306274,-0.04829496890306473,0.6404968500137329,0.5849679112434387,-0.0627925768494606,0.6211314797401428,0.624339759349823,-0.07756126672029495,0.7150039672851562,0.5521818399429321,-0.08479738980531693,0.7085655927658081,0.6311370730400085,-0.11257622390985489,0.6920725107192993,0.6788086295127869,-0.12185088545084,0.6775301098823547,0.7123346328735352,-0.12536291778087616,0.7509451508522034,0.5725064277648926,-0.07952830940485,0.7371849417686462,0.6628807187080383,-0.10533670336008072,0.709908127784729,0.712079644203186,-0.10870915651321411,0.6866890788078308,0.7360535264015198,-0.11017847806215286,0.777301013469696,0.5884433388710022,-0.07297869026660919,0.7723580598831177,0.6731774806976318,-0.09380221366882324,0.748485267162323,0.7167052626609802,-0.10021138191223145,0.7249881029129028,0.7370041012763977,-0.10358276218175888,0.7945756912231445,0.5981413125991821,-0.06725628674030304,0.8019458651542664,0.6673045754432678,-0.08489470928907394,0.7870669364929199,0.7032670974731445,-0.09414203464984894,0.7667203545570374,0.7224818468093872,-0.09991288185119629,b
0.757351279258728,0.4814121127128601,3.708994995577086e-07,0.7075755596160889,0.4923970103263855,-0.027235135436058044,0.6671243906021118,0.534845769405365,-0.04912205785512924,0.6399469971656799,0.5834953784942627,-0.06366430968046188,0.6205116510391235,0.6225928664207458,-0.07839060574769974,0.7148412466049194,0.5489336848258972,-0.08696965128183365,0.7070813179016113,0.6302329301834106,-0.11499132215976715,0.6905170679092407,0.6786103844642639,-0.12370959669351578,0.6761807799339294,0.7115405797958374,-0.12662695348262787,0.750717282295227,0.5704513788223267,-0.08117899298667908,0.7353034019470215,0.663567304611206,-0.10723816603422165,0.7074713110923767,0.7124236226081848,-0.11014996469020844,0.6840749382972717,0.7345976233482361,-0.1110752746462822,0.7769886255264282,0.5872398614883423,-0.07398288697004318,0.7707414031028748,0.6741050481796265,-0.09474561363458633,0.7465490698814392,0.7165431380271912,-0.10102861374616623,0.7230307459831238,0.7347748279571533,-0.10422443598508835,0.794017493724823,0.5973063111305237,-0.06757254153490067,0.8016949892044067,0.6672554612159729,-0.08524009585380554,0.7867429852485657,0.7028554677963257,-0.09468648582696915,0.7664188742637634,0.7212710976600647,-0.10047035664319992,b
0.7586113810539246,0.4842148423194885,4.3254874526610365e-07,0.7063412666320801,0.49895763397216797,-0.025579506531357765,0.6650316715240479,0.53882896900177,-0.04596160352230072,0.6399572491645813,0.5860040187835693,-0.05931682139635086,0.6208786964416504,0.6261408925056458,-0.07263363897800446,0.7110406160354614,0.5605005025863647,-0.08155079185962677,0.6926239728927612,0.6444872617721558,-0.10857634246349335,0.6726254224777222,0.6900416016578674,-0.11592525243759155,0.6567206382751465,0.7211380004882812,-0.11726704239845276,0.7477709650993347,0.5802590847015381,-0.0758548229932785,0.7319008111953735,0.6768725514411926,-0.10537172108888626,0.7059094905853271,0.7249293327331543,-0.10914605855941772,0.6848646402359009,0.7484058737754822,-0.10848815739154816,0.7746643424034119,0.5968714356422424,-0.0686877965927124,0.7650773525238037,0.6862877607345581,-0.09199588000774384,0.7419376373291016,0.7342843413352966,-0.09776579588651657,0.7205758094787598,0.760664701461792,-0.09853601455688477,0.7915123701095581,0.6079022884368896,-0.06203946843743324,0.7873571515083313,0.6841059327125549,-0.08007277548313141,0.7715721130371094,0.7226070165634155,-0.08772752434015274,0.7532245516777039,0.7449137568473816,-0.09073856472969055,b
0.7745091319084167,0.4773251414299011,4.827307975574513e-07,0.7254531383514404,0.48658084869384766,-0.03693471476435661,0.6913775205612183,0.5222905874252319,-0.06311903148889542,0.6674985289573669,0.5630723834037781,-0.08166973292827606,0.6497126817703247,0.6000193357467651,-0.09858344495296478,0.7484500408172607,0.5607485175132751,-0.0817270576953888,0.7453221082687378,0.6382535696029663,-0.11460109800100327,0.7238696813583374,0.6868872046470642,-0.1292199343442917,0.702780544757843,0.7212458252906799,-0.13524280488491058,0.7802213430404663,0.5835965275764465,-0.07259662449359894,0.7758790850639343,0.6756753325462341,-0.10524749010801315,0.7493261098861694,0.7322717905044556,-0.11440804600715637,0.7237042188644409,0.7667518854141235,-0.11714766919612885,0.798141360282898,0.6027050614356995,-0.06364507973194122,0.7999348640441895,0.6902089715003967,-0.08978009968996048,0.7780941724777222,0.7430422306060791,-0.09799426048994064,0.754851758480072,0.7778232097625732,-0.09974735230207443,0.8057461380958557,0.6165855526924133,-0.05676870793104172,0.8123664259910583,0.687363862991333,-0.07630322128534317,0.801184892654419,0.7294057607650757,-0.08397986739873886,0.7845227718353271,0.7584612369537354,-0.0865413174033165,b
0.7992249131202698,0.4951561689376831,4.392379651108058e-07,0.7513284683227539,0.5107476711273193,-0.035432618111371994,0.7170884609222412,0.5528693795204163,-0.06158045306801796,0.6933758854866028,0.6014800667762756,-0.07952594757080078,0.6767926812171936,0.6452330350875854,-0.09663274884223938,0.7760351896286011,0.572796106338501,-0.09001646935939789,0.7736307978630066,0.655741274356842,-0.12288809567689896,0.7553067207336426,0.7057037353515625,-0.13580641150474548,0.7367154359817505,0.7412198185920715,-0.14106564223766327,0.8121424317359924,0.5912716388702393,-0.08145131170749664,0.8119033575057983,0.6849936246871948,-0.11351478099822998,0.7897807359695435,0.7437518239021301,-0.1209627240896225,0.7678731679916382,0.7806435227394104,-0.12367099523544312,0.8355369567871094,0.6070727109909058,-0.07235527783632278,0.8432340621948242,0.6934717893600464,-0.09788800030946732,0.8277124762535095,0.7485949397087097,-0.1059403046965599,0.8099246025085449,0.7857561111450195,-0.10896098613739014,0.8476248979568481,0.6179022789001465,-0.06495745480060577,0.8658559918403625,0.6850824952125549,-0.08527366816997528,0.8612293601036072,0.7273199558258057,-0.09438256919384003,0.8487634658813477,0.7579805254936218,-0.09888502210378647,b
0.7661569714546204,0.4872731566429138,3.960722949614137e-07,0.713871955871582,0.5026319026947021,-0.02905786968767643,0.6754116415977478,0.5473688840866089,-0.050075508654117584,0.6517308950424194,0.5976114273071289,-0.06356985121965408,0.6331473588943481,0.6368424892425537,-0.07701893895864487,0.7266607284545898,0.5764292478561401,-0.0810396671295166,0.7190500497817993,0.6608604788780212,-0.10815185308456421,0.7024961709976196,0.708642840385437,-0.11781732738018036,0.6869262456893921,0.7445675730705261,-0.12176800519227982,0.7625502347946167,0.5935744047164917,-0.07378265261650085,0.754688024520874,0.6884822249412537,-0.1014208123087883,0.7340818047523499,0.7445581555366516,-0.10817798227071762,0.7152164578437805,0.7816491723060608,-0.1111188605427742,0.7876814007759094,0.6062261462211609,-0.0653320923447609,0.7868147492408752,0.6935021281242371,-0.0876593366265297,0.7702115774154663,0.7455082535743713,-0.0964653417468071,0.7530134916305542,0.7818894386291504,-0.10071123391389847,0.8023609519004822,0.6126109957695007,-0.057807184755802155,0.8102179169654846,0.6812615394592285,-0.07701271027326584,0.8045331835746765,0.7225127220153809,-0.08728551864624023,0.7941602468490601,0.7542462944984436,-0.09288311004638672,b
0.7924405932426453,0.4836620092391968,4.941841211802966e-07,0.7439085245132446,0.5003620386123657,-0.03698943182826042,0.7123242616653442,0.5427390336990356,-0.0638725534081459,0.691825807094574,0.5922589898109436,-0.08231428265571594,0.6768670678138733,0.6366751790046692,-0.09906381368637085,0.772881269454956,0.5652742981910706,-0.08861839026212692,0.7732216715812683,0.6482495069503784,-0.12249819934368134,0.7531901597976685,0.6996265649795532,-0.13583093881607056,0.7333411574363708,0.7340182662010193,-0.1405075341463089,0.8081165552139282,0.584540605545044,-0.07907989621162415,0.8058764338493347,0.6813917756080627,-0.11199115961790085,0.781233012676239,0.7398974299430847,-0.11853691190481186,0.7572216391563416,0.7738801836967468,-0.11947998404502869,0.8294274806976318,0.6022031307220459,-0.06949856132268906,0.8330404162406921,0.6909521222114563,-0.09506173431873322,0.8126426935195923,0.7446054220199585,-0.10117478668689728,0.790692925453186,0.7789028286933899,-0.10184816271066666,0.8393372893333435,0.6153948903083801,-0.06194060295820236,0.8499506711959839,0.6861448884010315,-0.08106957376003265,0.8404092192649841,0.7282413840293884,-0.08819674700498581,0.8247957825660706,0.7572556734085083,-0.09054281562566757,c
0.7909049987792969,0.481830894947052,4.7001756797726557e-07,0.7426289319992065,0.5014974474906921,-0.033956218510866165,0.7101172208786011,0.5469754934310913,-0.05898219719529152,0.6887125968933105,0.5972061157226562,-0.07614851742982864,0.6745910048484802,0.6404008269309998,-0.09181962162256241,0.7704598307609558,0.5659191012382507,-0.08637718856334686,0.7716043591499329,0.6514440774917603,-0.119295634329319,0.7523688077926636,0.7036446332931519,-0.13191603124141693,0.73324054479599,0.7379122972488403,-0.1361626386642456,0.8066717386245728,0.5840620398521423,-0.07798946648836136,0.8053542375564575,0.6822141408920288,-0.10999199748039246,0.7810351252555847,0.7409756779670715,-0.11588383466005325,0.7572059035301208,0.7742797136306763,-0.11654439568519592,0.8292838335037231,0.6010076999664307,-0.06932973116636276,0.8333017230033875,0.6917704939842224,-0.09428254514932632,0.813524067401886,0.7451499700546265,-0.10036972165107727,0.792036771774292,0.7787038087844849,-0.10113237798213959,0.8401892185211182,0.6140199303627014,-0.06240955367684364,0.8510310649871826,0.6850353479385376,-0.08115857094526291,0.8411523699760437,0.7267446517944336,-0.0883537083864212,0.8248604536056519,0.7549289464950562,-0.09085028618574142,c
0.7910739779472351,0.47933730483055115,4.5608777554662083e-07,0.7428522706031799,0.49969497323036194,-0.03345554694533348,0.7110504508018494,0.546491801738739,-0.05758709833025932,0.6896098852157593,0.598778247833252,-0.07358784228563309,0.6762919425964355,0.6435442566871643,-0.08807948231697083,0.7712304592132568,0.5662689208984375,-0.08676159381866455,0.7734878063201904,0.6506257653236389,-0.11883822083473206,0.7545163035392761,0.7022386193275452,-0.1308351308107376,0.7355738878250122,0.7370999455451965,-0.13488377630710602,0.8067182302474976,0.5847537517547607,-0.07825369387865067,0.8058239817619324,0.6833256483078003,-0.11013658344745636,0.7813706994056702,0.7433584928512573,-0.11627789586782455,0.7576988935470581,0.7792866826057434,-0.11733540147542953,0.8288413286209106,0.6017157435417175,-0.06920653581619263,0.8338770270347595,0.6916323900222778,-0.0941355749964714,0.813530445098877,0.7457615733146667,-0.10063961148262024,0.7913753986358643,0.7807139754295349,-0.1018710657954216,0.8398532867431641,0.6135014295578003,-0.061792291700839996,0.8518895506858826,0.6844850778579712,-0.08050267398357391,0.8418377041816711,0.7264866232872009,-0.08791667222976685,0.8252349495887756,0.7552403807640076,-0.0908077284693718,c
0.7917377352714539,0.4811285138130188,4.6851513957335555e-07,0.7439205050468445,0.502072274684906,-0.034174978733062744,0.7113407254219055,0.5482226610183716,-0.0591144859790802,0.6896092891693115,0.5994636416435242,-0.0760582759976387,0.6767734885215759,0.643791913986206,-0.09160818159580231,0.7714669108390808,0.5677581429481506,-0.08758184313774109,0.7717282176017761,0.6532628536224365,-0.12046702206134796,0.7522120475769043,0.7043275237083435,-0.13323958218097687,0.732787013053894,0.7388858795166016,-0.13784027099609375,0.8067858815193176,0.5866393446922302,-0.07912613451480865,0.8038702011108398,0.6852758526802063,-0.11106343567371368,0.7790835499763489,0.7450448274612427,-0.1173156127333641,0.7551390528678894,0.7807066440582275,-0.11860568076372147,0.8289400935173035,0.6037234663963318,-0.07029871642589569,0.8331854343414307,0.6940606832504272,-0.09503121674060822,0.813879668712616,0.7471655607223511,-0.10122766345739365,0.7926853895187378,0.7816413640975952,-0.10243632644414902,0.8398722410202026,0.61619633436203,-0.0632641464471817,0.8508346080780029,0.6872546076774597,-0.08169561624526978,0.8405928611755371,0.7289007902145386,-0.08877599984407425,0.8237617015838623,0.7573705315589905,-0.09153961390256882,c
0.7842802405357361,0.4852530360221863,3.7325028756640677e-07,0.7324039340019226,0.5012403130531311,-0.025516869500279427,0.6977555751800537,0.550007700920105,-0.044489581137895584,0.6786925196647644,0.6024758815765381,-0.056984517723321915,0.6576766967773438,0.6367400884628296,-0.06981056928634644,0.7393256425857544,0.5720146298408508,-0.07573506981134415,0.7349317669868469,0.6519647836685181,-0.10206441581249237,0.7225021719932556,0.7016380429267883,-0.11127115041017532,0.7106108069419861,0.7408055067062378,-0.11515364050865173,0.7767689228057861,0.586364209651947,-0.07051204144954681,0.7716050148010254,0.6789531707763672,-0.09853911399841309,0.7541873455047607,0.7370567321777344,-0.10518776625394821,0.7369808554649353,0.7779687643051147,-0.10775263607501984,0.8043839335441589,0.5978379845619202,-0.06401350349187851,0.8046233654022217,0.6831074357032776,-0.08646155148744583,0.7897539138793945,0.7368680834770203,-0.09443192183971405,0.7732492089271545,0.7749598026275635,-0.09759026765823364,0.8225709795951843,0.6043593287467957,-0.05827924981713295,0.8285223245620728,0.6747934818267822,-0.07622610777616501,0.8204575181007385,0.7162907123565674,-0.0851459726691246,0.8073267936706543,0.7482189536094666,-0.08980732411146164,c
0.7839154005050659,0.491290807723999,3.7939304320389056e-07,0.7339392304420471,0.5018851161003113,-0.026650255545973778,0.6926175951957703,0.5412670373916626,-0.04732290655374527,0.6661145687103271,0.584885835647583,-0.06134343519806862,0.6426752805709839,0.6167243123054504,-0.07620929926633835,0.7370520234107971,0.5632010102272034,-0.07989363372325897,0.7232474684715271,0.6358017921447754,-0.10735874623060226,0.7070231437683105,0.682466447353363,-0.11760926991701126,0.6927752494812012,0.7201266288757324,-0.12246477603912354,0.7735218405723572,0.5808324813842773,-0.07518026232719421,0.7618405818939209,0.6675887703895569,-0.10338743776082993,0.7410635352134705,0.7211316823959351,-0.11090024560689926,0.7224348783493042,0.7584688067436218,-0.11492649465799332,0.8012354969978333,0.5947697758674622,-0.06917868554592133,0.7956832647323608,0.6748350858688354,-0.09232013672590256,0.7771039605140686,0.7277734279632568,-0.10164894908666611,0.7585490942001343,0.7642593383789062,-0.10648858547210693,0.820344090461731,0.6031945943832397,-0.0639394223690033,0.821843683719635,0.6732126474380493,-0.08352003991603851,0.8102269172668457,0.7139908671379089,-0.09393463283777237,0.7940861582756042,0.7434993982315063,-0.1000589057803154,c
0.7833762168884277,0.4856644868850708,3.9944660557011957e-07,0.7329316735267639,0.5017406940460205,-0.023110542446374893,0.6939995884895325,0.5452673435211182,-0.04250577092170715,0.6674180626869202,0.5900639891624451,-0.055949099361896515,0.6447780132293701,0.6222252249717712,-0.06995128095149994,0.7365304231643677,0.5609580278396606,-0.07706310600042343,0.7239141464233398,0.643568754196167,-0.10369501262903214,0.7074146270751953,0.6892502307891846,-0.11235000938177109,0.6924991607666016,0.722318172454834,-0.11547312140464783,0.7740933895111084,0.5782193541526794,-0.0736534371972084,0.764961302280426,0.6731192469596863,-0.10195224732160568,0.7433154582977295,0.7265254855155945,-0.1080898717045784,0.7234917283058167,0.7603010535240173,-0.11043845862150192,0.8022036552429199,0.5921297669410706,-0.06873786449432373,0.7999695539474487,0.6816970109939575,-0.09166944026947021,0.7822017669677734,0.7355355024337769,-0.0999954342842102,0.7637487649917603,0.7695693969726562,-0.1036723405122757,0.8200505375862122,0.6007484197616577,-0.06413903832435608,0.8222266435623169,0.6735979318618774,-0.08225978910923004,0.8107668161392212,0.7154757380485535,-0.09145653992891312,0.7950360178947449,0.7443649172782898,-0.09664227068424225,c
0.7829332947731018,0.4880121946334839,4.246668083851546e-07,0.7341387867927551,0.501422107219696,-0.028448421508073807,0.6955170035362244,0.5432283878326416,-0.05118955671787262,0.6694849133491516,0.5880346894264221,-0.0669107586145401,0.6451129913330078,0.6206304430961609,-0.08325527608394623,0.7405024766921997,0.560326337814331,-0.08672912418842316,0.7300938367843628,0.6372876763343811,-0.11671803891658783,0.713600754737854,0.6848278045654297,-0.12741944193840027,0.6987093091011047,0.7214587926864624,-0.13202904164791107,0.7780085802078247,0.5782117247581482,-0.08170017600059509,0.7728896141052246,0.6685971021652222,-0.11383844912052155,0.7505418658256531,0.721511721611023,-0.1215507760643959,0.7297753691673279,0.7551592588424683,-0.12472571432590485,0.8052986860275269,0.5927612781524658,-0.07526892423629761,0.8070887923240662,0.6796815395355225,-0.1018972173333168,0.7894030213356018,0.7334118485450745,-0.11174868792295456,0.7702199220657349,0.7678800821304321,-0.11607030034065247,0.8222669959068298,0.6022267937660217,-0.06948329508304596,0.8273943662643433,0.6748185753822327,-0.09139645844697952,0.8158348798751831,0.7164139747619629,-0.10266967117786407,0.7990869283676147,0.7449695467948914,-0.10893334448337555,c
0.7833061218261719,0.48724186420440674,4.1086266833190166e-07,0.7337443828582764,0.5023715496063232,-0.02681642211973667,0.6959004998207092,0.5442455410957336,-0.049068279564380646,0.6692088842391968,0.5888488292694092,-0.06474023312330246,0.6458579897880554,0.6222598552703857,-0.08096668869256973,0.7409698367118835,0.5615013837814331,-0.08474502712488174,0.7307723164558411,0.6411258578300476,-0.115046426653862,0.7133682370185852,0.6879422068595886,-0.12603852152824402,0.6978131532669067,0.7227427959442139,-0.13059622049331665,0.7780803442001343,0.5788562297821045,-0.0804019346833229,0.7708491683006287,0.6711806058883667,-0.11224205791950226,0.7482953071594238,0.7244440913200378,-0.11980871856212616,0.7276870608329773,0.7578482627868652,-0.12303951382637024,0.8054217100143433,0.5935421586036682,-0.07470734417438507,0.8039950132369995,0.6800166368484497,-0.10063843429088593,0.7852885723114014,0.7337243556976318,-0.10995066910982132,0.765819787979126,0.7679272890090942,-0.11408136039972305,0.8227154016494751,0.6033461093902588,-0.06966090947389603,0.8279111981391907,0.6760599613189697,-0.0911652147769928,0.8165496587753296,0.7181487679481506,-0.10222466289997101,0.8000009059906006,0.7468516826629639,-0.1083671972155571,c
0.7854779362678528,0.4887346625328064,4.277014511444577e-07,0.7366974949836731,0.5010592937469482,-0.028814515098929405,0.6976579427719116,0.5415365099906921,-0.05098848417401314,0.6720544099807739,0.5857516527175903,-0.06632217019796371,0.6487631797790527,0.6185218095779419,-0.08224114775657654,0.7448575496673584,0.5618392825126648,-0.08272494375705719,0.7343161702156067,0.6362966895103455,-0.11194289475679398,0.7178158760070801,0.6833094358444214,-0.12305597960948944,0.7026461362838745,0.7206912636756897,-0.1280621737241745,0.7811414003372192,0.5784315466880798,-0.07727673649787903,0.7737511396408081,0.6654541492462158,-0.10791794210672379,0.7529432773590088,0.7204549312591553,-0.11622454971075058,0.7336586713790894,0.7585145235061646,-0.12028039246797562,0.8078826069831848,0.5925675630569458,-0.07073067873716354,0.8056070804595947,0.6744453310966492,-0.0960942804813385,0.7877737283706665,0.7274442315101624,-0.1059260368347168,0.7693307399749756,0.7642208337783813,-0.11041871458292007,0.825621485710144,0.6021906733512878,-0.06506649404764175,0.8295573592185974,0.6733582615852356,-0.08601897954940796,0.8190977573394775,0.7148319482803345,-0.09673335403203964,0.803801953792572,0.7450128197669983,-0.10266188532114029,c
0.7861672639846802,0.48899057507514954,4.3715451170101005e-07,0.7367480993270874,0.5025421977043152,-0.02944464236497879,0.699691653251648,0.5425966382026672,-0.053313903510570526,0.6723182797431946,0.5862695574760437,-0.06999131292104721,0.6500298380851746,0.61985182762146,-0.08689994364976883,0.7466422915458679,0.5573412179946899,-0.08937028795480728,0.7385596632957458,0.6368371844291687,-0.12074097990989685,0.7216188907623291,0.685520350933075,-0.1321759670972824,0.7056442499160767,0.7220840454101562,-0.13670746982097626,0.7838263511657715,0.5740046501159668,-0.08360067754983902,0.7776443958282471,0.6671900749206543,-0.11632134020328522,0.7556495070457458,0.7237107753753662,-0.12347321212291718,0.7355614304542542,0.7600022554397583,-0.12598317861557007,0.8105911612510681,0.5898123383522034,-0.07638581097126007,0.8098640441894531,0.677051305770874,-0.1022418960928917,0.7909653186798096,0.7307752966880798,-0.10988764464855194,0.7714046835899353,0.7664742469787598,-0.11243799328804016,0.8275809288024902,0.6014876365661621,-0.07017889618873596,0.8338317275047302,0.674795925617218,-0.09003419429063797,0.8231216669082642,0.7170759439468384,-0.09864724427461624,0.8068908452987671,0.7457659244537354,-0.10286960750818253,d
0.7841244339942932,0.4906100928783417,4.301002718420932e-07,0.7345633506774902,0.5052655339241028,-0.027753734961152077,0.6953597664833069,0.5471502542495728,-0.0493699312210083,0.669715940952301,0.5930372476577759,-0.06397376209497452,0.64812833070755,0.6266930103302002,-0.07918048650026321,0.7440791726112366,0.5646371245384216,-0.08317647874355316,0.7325289845466614,0.6419142484664917,-0.11125414073467255,0.7168245911598206,0.6909740567207336,-0.12128540128469467,0.7029569745063782,0.7291932106018066,-0.12546704709529877,0.7808597087860107,0.5800716876983643,-0.07754018902778625,0.7721039056777954,0.6713557839393616,-0.106719970703125,0.7517655491828918,0.7268218994140625,-0.11328700184822083,0.7336443662643433,0.7638940215110779,-0.11596371978521347,0.8079828023910522,0.5937336087226868,-0.07044985890388489,0.8057876229286194,0.679385244846344,-0.0939105823636055,0.7884016633033752,0.7324239015579224,-0.10167618095874786,0.7708689570426941,0.7686374187469482,-0.10486885905265808,0.8258659243583679,0.6033288836479187,-0.0641934797167778,0.8310076594352722,0.6758159399032593,-0.08323156833648682,0.8215816020965576,0.7177470922470093,-0.09207817167043686,0.8072677850723267,0.7478777170181274,-0.09666602313518524,d
0.7846812605857849,0.49105241894721985,4.3874891275663686e-07,0.7359122633934021,0.5052802562713623,-0.0283731147646904,0.696835994720459,0.5463926196098328,-0.050451528280973434,0.670320451259613,0.5906379818916321,-0.0655432865023613,0.6486161947250366,0.6235468983650208,-0.08121360838413239,0.7453034520149231,0.5633833408355713,-0.08440141379833221,0.7340399622917175,0.6398206353187561,-0.1129363626241684,0.7184498906135559,0.6884638071060181,-0.12310824543237686,0.7044616937637329,0.7266805171966553,-0.127312570810318,0.7819976806640625,0.5786278247833252,-0.07873974740505219,0.7742794156074524,0.668144941329956,-0.1084536463022232,0.753572404384613,0.7235031723976135,-0.11521326005458832,0.7348803877830505,0.7602410912513733,-0.11795388162136078,0.8088261485099792,0.5924058556556702,-0.07166606932878494,0.8076340556144714,0.6762354969978333,-0.09567012637853622,0.7896995544433594,0.7286778688430786,-0.10380163788795471,0.7714486122131348,0.7641170024871826,-0.1071050837635994,0.8262506723403931,0.6025331616401672,-0.06548455357551575,0.8320097327232361,0.6742281913757324,-0.08495655655860901,0.8217771649360657,0.7158130407333374,-0.09415885806083679,0.806157648563385,0.7453713417053223,-0.0989479124546051,d
0.7844699025154114,0.49094945192337036,4.396202086809353e-07,0.7352889180183411,0.5046802759170532,-0.03055744431912899,0.6985529661178589,0.5462436676025391,-0.05534711480140686,0.6709169149398804,0.5910002589225769,-0.07236257195472717,0.6486287117004395,0.6256471872329712,-0.08960428088903427,0.7464869022369385,0.5600758194923401,-0.09394403547048569,0.7378408312797546,0.6409667134284973,-0.12601563334465027,0.7204490900039673,0.6907272338867188,-0.1377493441104889,0.7042781710624695,0.7281718254089355,-0.14241966605186462,0.7839328646659851,0.5774977207183838,-0.08747775107622147,0.7775178551673889,0.670007586479187,-0.12013566493988037,0.7541608810424805,0.7271624803543091,-0.12662482261657715,0.7325875163078308,0.7632056474685669,-0.12881366908550262,0.8106270432472229,0.5939280986785889,-0.0794200524687767,0.8098989725112915,0.6817121505737305,-0.10481155663728714,0.7902378439903259,0.7341022491455078,-0.11195302754640579,0.7698203325271606,0.7679382562637329,-0.11445711553096771,0.8270160555839539,0.6061467528343201,-0.0724274143576622,0.8332469463348389,0.6784176826477051,-0.09183889627456665,0.8217901587486267,0.7194236516952515,-0.10012120753526688,0.8044863343238831,0.7473809123039246,-0.10430817306041718,d
0.7867706418037415,0.49187660217285156,4.2873531924669805e-07,0.7367128729820251,0.5016214847564697,-0.028855223208665848,0.6952240467071533,0.5389465093612671,-0.051003605127334595,0.6677449345588684,0.5825772881507874,-0.06610092520713806,0.6457440853118896,0.6180585622787476,-0.08167541027069092,0.7428413033485413,0.5601998567581177,-0.08336770534515381,0.7292467951774597,0.6351427435874939,-0.11218126863241196,0.7119472622871399,0.6823073625564575,-0.12291170656681061,0.6960760354995728,0.7199139595031738,-0.12763825058937073,0.779065728187561,0.5787078738212585,-0.0777142271399498,0.7669981718063354,0.6663082242012024,-0.1076253280043602,0.7447503209114075,0.7207697629928589,-0.11522191762924194,0.7249454855918884,0.7588796615600586,-0.1187312975525856,0.8060139417648315,0.5948472619056702,-0.0708475112915039,0.8002328872680664,0.6778148412704468,-0.09509336203336716,0.7807654142379761,0.7294350266456604,-0.10339061915874481,0.761543869972229,0.7659069299697876,-0.10695349425077438,0.8241831064224243,0.6063522100448608,-0.06493878364562988,0.8259118795394897,0.6767936944961548,-0.0844525694847107,0.8148344159126282,0.7176849842071533,-0.0935916155576706,0.7992657423019409,0.747846245765686,-0.09845837950706482,d
0.7872338891029358,0.49220889806747437,4.3255116111140524e-07,0.7379695773124695,0.5018963813781738,-0.029731394723057747,0.697075366973877,0.5397031903266907,-0.052447836846113205,0.668840229511261,0.5832928419113159,-0.06800409406423569,0.64655601978302,0.6179265975952148,-0.0840715765953064,0.7448164820671082,0.5596099495887756,-0.08494678139686584,0.7315527200698853,0.6360217928886414,-0.11433052271604538,0.7143709659576416,0.6839354634284973,-0.12532305717468262,0.6985318064689636,0.722120463848114,-0.13017015159130096,0.7810006141662598,0.5776286125183105,-0.07895918190479279,0.7697030305862427,0.6654390096664429,-0.10924229025840759,0.7477458119392395,0.720443606376648,-0.11708596348762512,0.7282508611679077,0.7589215636253357,-0.12077288329601288,0.8075377941131592,0.5938065052032471,-0.07178229838609695,0.802636444568634,0.6767635941505432,-0.09630881994962692,0.783219575881958,0.7287077903747559,-0.1049245148897171,0.7641428709030151,0.7653940916061401,-0.10870388895273209,0.8249825239181519,0.6058771014213562,-0.06563480943441391,0.8274590969085693,0.676393449306488,-0.0855264738202095,0.8165737390518188,0.7174090147018433,-0.09500482678413391,0.8011685013771057,0.7478038668632507,-0.10010062903165817,d
0.7872132658958435,0.4907488226890564,4.2003566136372683e-07,0.7376375794410706,0.5015377998352051,-0.028837066143751144,0.6965272426605225,0.5408605933189392,-0.05092349648475647,0.6695041656494141,0.585458517074585,-0.06594011932611465,0.6475476026535034,0.6200259923934937,-0.08157115429639816,0.7443954944610596,0.559745192527771,-0.08385150134563446,0.731435239315033,0.6359730958938599,-0.11251397430896759,0.7145745158195496,0.6836206912994385,-0.12307032197713852,0.6992630362510681,0.7213828563690186,-0.1277332305908203,0.7808651328086853,0.5770813226699829,-0.07810428738594055,0.7701568007469177,0.665381133556366,-0.10738584399223328,0.7491039633750916,0.7198687195777893,-0.11487365514039993,0.7304103970527649,0.7573232650756836,-0.11858225613832474,0.8077213764190674,0.5925218462944031,-0.07109826803207397,0.8029630184173584,0.6751720905303955,-0.0949358195066452,0.7843825817108154,0.727188229560852,-0.10363853722810745,0.7660925388336182,0.7638792395591736,-0.10780742019414902,0.8255898356437683,0.6040152311325073,-0.06502686440944672,0.8282952904701233,0.674252450466156,-0.08490794897079468,0.8179789185523987,0.7154107093811035,-0.09481008350849152,0.8031637668609619,0.7464026212692261,-0.1003601923584938,d
0.7862080335617065,0.4916026294231415,4.3824812223647314e-07,0.7366629242897034,0.5027816891670227,-0.03012906014919281,0.6956992149353027,0.5425164699554443,-0.053142447024583817,0.6689421534538269,0.5875369906425476,-0.06866632401943207,0.6470692753791809,0.6223288774490356,-0.08476180583238602,0.7437846064567566,0.5593394637107849,-0.08745528012514114,0.7316581010818481,0.6366664171218872,-0.11733424663543701,0.7146568298339844,0.6852394342422485,-0.12841874361038208,0.6990420818328857,0.723595142364502,-0.13320837914943695,0.7806219458580017,0.5765202045440674,-0.08110182732343674,0.770287275314331,0.6663897633552551,-0.11161673069000244,0.7486788630485535,0.7219483256340027,-0.1191072016954422,0.7291774153709412,0.759507417678833,-0.12256141006946564,0.8075858354568481,0.5924941301345825,-0.07344555109739304,0.8031637072563171,0.6771081686019897,-0.09808112680912018,0.7843105792999268,0.7297811508178711,-0.10666683316230774,0.7653390765190125,0.7662366628646851,-0.11048527806997299,0.8255361318588257,0.6046715974807739,-0.06679712235927582,0.8282044529914856,0.6759352684020996,-0.08708090335130692,0.817422091960907,0.7170349359512329,-0.09685951471328735,0.8018755912780762,0.7474194765090942,-0.10213769227266312,d
0.7865244746208191,0.49086540937423706,4.333070933171257e-07,0.7368982434272766,0.5025427341461182,-0.029389789327979088,0.6960439085960388,0.5424163341522217,-0.05155787244439125,0.6697643399238586,0.5876909494400024,-0.06649363040924072,0.6488495469093323,0.6229097843170166,-0.0819169133901596,0.7453601360321045,0.560096263885498,-0.08453544229269028,0.7333909273147583,0.6365167498588562,-0.1136893779039383,0.7162514925003052,0.6846721768379211,-0.12462198734283447,0.7004337310791016,0.7229962348937988,-0.12938839197158813,0.7819023728370667,0.5770668983459473,-0.07839756458997726,0.7718912363052368,0.6656036376953125,-0.10817059129476547,0.750098466873169,0.7212507724761963,-0.11560670286417007,0.730506181716919,0.7594316005706787,-0.11909857392311096,0.8084656596183777,0.5926152467727661,-0.07103975862264633,0.8050612211227417,0.6758712530136108,-0.09517619758844376,0.7864649891853333,0.7284544706344604,-0.1036427915096283,0.7677043080329895,0.7650411128997803,-0.10740119218826294,0.8260461688041687,0.6044272780418396,-0.06471271812915802,0.8292421698570251,0.6750587224960327,-0.08461171388626099,0.8186724185943604,0.7161399722099304,-0.09415492415428162,0.8032932877540588,0.7465741038322449,-0.09928254783153534,d
0.789572536945343,0.48621663451194763,4.919833145322627e-07,0.7416817545890808,0.5022428631782532,-0.03235328942537308,0.7060376405715942,0.5455620884895325,-0.05689778923988342,0.6812289357185364,0.5935876965522766,-0.07355759292840958,0.6633762717247009,0.6345875263214111,-0.08942484110593796,0.7618492245674133,0.5648432970046997,-0.08857813477516174,0.7535012364387512,0.6505750417709351,-0.1199064627289772,0.7345789670944214,0.7009479999542236,-0.13141021132469177,0.7171103358268738,0.7373595237731934,-0.13560634851455688,0.7974924445152283,0.5834908485412598,-0.08103868365287781,0.7890725135803223,0.6809520721435547,-0.11309187114238739,0.7628359198570251,0.7385260462760925,-0.11933104693889618,0.7387210726737976,0.7740380764007568,-0.12056930363178253,0.8206854462623596,0.600457489490509,-0.07256670296192169,0.819892406463623,0.6908484697341919,-0.09809303283691406,0.7974436283111572,0.7422432899475098,-0.10497436672449112,0.7742642164230347,0.775545597076416,-0.10653482377529144,0.8325175046920776,0.6131104230880737,-0.06545516848564148,0.8384355306625366,0.6851005554199219,-0.08501864224672318,0.825717568397522,0.7240782380104065,-0.09263306856155396,0.8074859380722046,0.7497355937957764,-0.09563856571912766,d
